Answer Page,Metric,Company,Year,Value,Source Page
https://wikirate.org/Apparel_Research_Group+ESG_Disclosure_Rate+Inditex+2020,Apparel Research Group+ESG Disclosure Rate,Inditex,2020,6.783571428571429,
https://wikirate.org/Apparel_Research_Group+ESG_Disclosure_Rate+Gap_inc+2020,Apparel Research Group+ESG Disclosure Rate,Gap inc.,2020,6.131944444444445,
https://wikirate.org/Apparel_Research_Group+ESG_Disclosure_Rate+H_M+2020,Apparel Research Group+ESG Disclosure Rate,H&M,2020,6.948981481481481,
https://wikirate.org/Apparel_Research_Group+ESG_Disclosure_Rate+Nike_Inc+2020,Apparel Research Group+ESG Disclosure Rate,Nike Inc.,2020,7.071342592592592,
https://wikirate.org/Apparel_Research_Group+ESG_Disclosure_Rate+Adidas_AG+2020,Apparel Research Group+ESG Disclosure Rate,Adidas AG,2020,7.897189153439153,
https://wikirate.org/Apparel_Research_Group+ESG_Disclosure_Rate+Kering+2020,Apparel Research Group+ESG Disclosure Rate,Kering,2020,6.177301587301588,
https://wikirate.org/Apparel_Research_Group+ESG_Disclosure_Rate+Louis_Vuitton_Malletier_SA_LVMH+2020,Apparel Research Group+ESG Disclosure Rate,Louis Vuitton Malletier SA (LVMH),2020,6.7475859788359775,
https://wikirate.org/Apparel_Research_Group+ESG_Disclosure_Rate+Esprit_Holdings_Limited+2020,Apparel Research Group+ESG Disclosure Rate,Esprit Holdings Limited,2020,6.97831541218638,
https://wikirate.org/Apparel_Research_Group+ESG_Disclosure_Rate+Burberry_Group_plc+2020,Apparel Research Group+ESG Disclosure Rate,Burberry Group plc,2020,5.503257808499743,
https://wikirate.org/Apparel_Research_Group+ESG_Disclosure_Rate+Marks_and_Spencer_Group_plc+2020,Apparel Research Group+ESG Disclosure Rate,Marks and Spencer Group plc,2020,5.839252645502645,
https://wikirate.org/Apparel_Research_Group+ESG_Disclosure_Rate+Puma+2020,Apparel Research Group+ESG Disclosure Rate,Puma,2020,6.8491732804232806,
https://wikirate.org/Apparel_Research_Group+ESG_Disclosure_Rate+Hugo_Boss_AG+2020,Apparel Research Group+ESG Disclosure Rate,Hugo Boss AG,2020,7.196883552271483,
https://wikirate.org/Apparel_Research_Group+ESG_Disclosure_Rate+Sports_Direct+2020,Apparel Research Group+ESG Disclosure Rate,Sports Direct,2020,3.2362566137566144,
https://wikirate.org/Apparel_Research_Group+ESG_Disclosure_Rate+Hermes_International+2020,Apparel Research Group+ESG Disclosure Rate,Hermes International,2020,5.42255291005291,
https://wikirate.org/Apparel_Research_Group+ESG_Disclosure_Rate+Christian_Dior+2020,Apparel Research Group+ESG Disclosure Rate,Christian Dior,2020,5.959093915343916,
https://wikirate.org/Apparel_Research_Group+ESG_Disclosure_Rate+Chow_Tai_Fook+2020,Apparel Research Group+ESG Disclosure Rate,Chow Tai Fook,2020,4.190952380952381,
https://wikirate.org/Apparel_Research_Group+ESG_Disclosure_Rate+Next_PLC+2020,Apparel Research Group+ESG Disclosure Rate,Next PLC,2020,6.540120967741935,
https://wikirate.org/Apparel_Research_Group+ESG_Disclosure_Rate+Tapestry_Inc+2020,Apparel Research Group+ESG Disclosure Rate,Tapestry Inc,2020,4.367972582972583,
https://wikirate.org/Apparel_Research_Group+ESG_Disclosure_Rate+Dick_s_Sporting_Goods+2020,Apparel Research Group+ESG Disclosure Rate,Dick's Sporting Goods,2020,4.671097883597884,
https://wikirate.org/Apparel_Research_Group+ESG_Disclosure_Rate+JC_Penney+2020,Apparel Research Group+ESG Disclosure Rate,JC Penney,2020,5.290396825396825,
https://wikirate.org/Apparel_Research_Group+ESG_Disclosure_Rate+Richemont+2020,Apparel Research Group+ESG Disclosure Rate,Richemont,2020,5.026825396825396,
https://wikirate.org/Apparel_Research_Group+ESG_Disclosure_Rate+Fast_Retailing+2020,Apparel Research Group+ESG Disclosure Rate,Fast Retailing,2020,4.002936507936508,
https://wikirate.org/Apparel_Research_Group+ESG_Disclosure_Rate+L_Brands+2020,Apparel Research Group+ESG Disclosure Rate,L Brands,2020,4.128888888888889,
https://wikirate.org/Apparel_Research_Group+ESG_Disclosure_Rate+Nordstrom+2020,Apparel Research Group+ESG Disclosure Rate,Nordstrom,2020,6.16984126984127,
https://wikirate.org/Apparel_Research_Group+ESG_Disclosure_Rate+Luxottica_Group_SpA+2020,Apparel Research Group+ESG Disclosure Rate,Luxottica Group SpA,2020,4.445555555555555,
https://wikirate.org/Apparel_Research_Group+ESG_Disclosure_Rate+Ross_Stores+2020,Apparel Research Group+ESG Disclosure Rate,Ross Stores,2020,3.069004375254375,
https://wikirate.org/Apparel_Research_Group+ESG_Disclosure_Rate+Foot_Locker_Inc+2020,Apparel Research Group+ESG Disclosure Rate,Foot Locker Inc.,2020,3.613448819698819,
https://wikirate.org/Apparel_Research_Group+ESG_Disclosure_Rate+Abercrombie_Fitch+2020,Apparel Research Group+ESG Disclosure Rate,Abercrombie & Fitch,2020,4.460739887352791,
https://wikirate.org/Apparel_Research_Group+ESG_Disclosure_Rate+Hanesbrands+2020,Apparel Research Group+ESG Disclosure Rate,Hanesbrands,2020,6.228472222222222,
https://wikirate.org/Apparel_Research_Group+ESG_Disclosure_Rate+PVH+2020,Apparel Research Group+ESG Disclosure Rate,PVH,2020,6.504365079365079,
https://wikirate.org/Apparel_Research_Group+ESG_Disclosure_Rate+Prada+2020,Apparel Research Group+ESG Disclosure Rate,Prada,2020,5.790112433862434,
https://wikirate.org/Apparel_Research_Group+ESG_Disclosure_Rate+VF+2020,Apparel Research Group+ESG Disclosure Rate,VF,2020,4.626746031746031,
https://wikirate.org/Apparel_Research_Group+ESG_Disclosure_Rate+Macy_s+2020,Apparel Research Group+ESG Disclosure Rate,Macy's,2020,5.637455908289242,
https://wikirate.org/Apparel_Research_Group+ESG_Disclosure_Rate+Gildan_Activewear_Inc+2020,Apparel Research Group+ESG Disclosure Rate,Gildan Activewear Inc.,2020,7.243121693121695,
https://wikirate.org/Apparel_Research_Group+ESG_Disclosure_Rate+Under_Armour+2020,Apparel Research Group+ESG Disclosure Rate,Under Armour,2020,4.479057734204793,
https://wikirate.org/Apparel_Research_Group+ESG_Disclosure_Rate+Asics_Corporation+2020,Apparel Research Group+ESG Disclosure Rate,Asics Corporation,2020,6.1878174603174605,
https://wikirate.org/Apparel_Research_Group+ESG_Disclosure_Rate+Dillard_s_Inc+2020,Apparel Research Group+ESG Disclosure Rate,"Dillard's, Inc.",2020,2.9932539682539683,
https://wikirate.org/Apparel_Research_Group+ESG_Disclosure_Rate+Tiffany_Co+2020,Apparel Research Group+ESG Disclosure Rate,Tiffany & Co.,2020,4.9977777777777765,
https://wikirate.org/Apparel_Research_Group+ESG_Disclosure_Rate+G_III_Apparel_Group_LTD+2020,Apparel Research Group+ESG Disclosure Rate,"G-III Apparel Group, LTD.",2020,3.067460317460317,
https://wikirate.org/Apparel_Research_Group+ESG_Disclosure_Rate+Fossil_Group_Inc+2020,Apparel Research Group+ESG Disclosure Rate,"Fossil Group, Inc.",2020,4.218849206349207,
https://wikirate.org/Apparel_Research_Group+ESG_Disclosure_Rate+Urban_Outfitters+2020,Apparel Research Group+ESG Disclosure Rate,Urban Outfitters,2020,3.429497354497354,
https://wikirate.org/Apparel_Research_Group+ESG_Disclosure_Rate+Wolverine_World_Wide+2020,Apparel Research Group+ESG Disclosure Rate,Wolverine World Wide,2020,2.7759259259259257,
https://wikirate.org/Apparel_Research_Group+ESG_Disclosure_Rate+Columbia_Sportswear+2020,Apparel Research Group+ESG Disclosure Rate,Columbia Sportswear,2020,5.777331349206349,
https://wikirate.org/Apparel_Research_Group+ESG_Disclosure_Rate+American_Eagle_Outfitters+2020,Apparel Research Group+ESG Disclosure Rate,American Eagle Outfitters,2020,5.872530103995622,
https://wikirate.org/Apparel_Research_Group+ESG_Disclosure_Rate+Caleres_Inc+2020,Apparel Research Group+ESG Disclosure Rate,Caleres Inc,2020,2.238888888888889,
https://wikirate.org/Apparel_Research_Group+ESG_Disclosure_Rate+Deckers_Outdoor_Corporation+2020,Apparel Research Group+ESG Disclosure Rate,Deckers Outdoor Corporation,2020,4.847222222222223,
https://wikirate.org/Apparel_Research_Group+ESG_Disclosure_Rate+Guess_Inc+2020,Apparel Research Group+ESG Disclosure Rate,Guess? Inc,2020,4.447585978835979,
https://wikirate.org/Apparel_Research_Group+ESG_Disclosure_Rate+Oxford_Industries_Inc+2020,Apparel Research Group+ESG Disclosure Rate,Oxford Industries Inc,2020,2.355555555555555,
https://wikirate.org/Apparel_Research_Group+ESG_Disclosure_Rate+Skechers_USA_Inc+2020,Apparel Research Group+ESG Disclosure Rate,Skechers USA Inc,2020,3.5875881834215164,
https://wikirate.org/Apparel_Research_Group+ESG_Disclosure_Rate+Lojas_Renner_S_A+2020,Apparel Research Group+ESG Disclosure Rate,Lojas Renner S.A.,2020,6.10810185185185,
https://wikirate.org/Apparel_Research_Group+ESG_Disclosure_Rate+Li_Ning+2020,Apparel Research Group+ESG Disclosure Rate,Li-Ning,2020,4.615904761904761,
https://wikirate.org/Apparel_Research_Group+ESG_Disclosure_Rate+lululemon_athletica+2020,Apparel Research Group+ESG Disclosure Rate,lululemon athletica,2020,6.025806451612903,
https://wikirate.org/Apparel_Research_Group+ESG_Disclosure_Rate+Asos+2020,Apparel Research Group+ESG Disclosure Rate,Asos,2020,5.759259259259259,
https://wikirate.org/Apparel_Research_Group+ESG_Disclosure_Rate+DSW_Inc+2020,Apparel Research Group+ESG Disclosure Rate,DSW Inc.,2020,3.365365961199294,
https://wikirate.org/Apparel_Research_Group+ESG_Disclosure_Rate+Ralph_Lauren_Corporation+2020,Apparel Research Group+ESG Disclosure Rate,Ralph Lauren Corporation,2020,5.06561507936508,
https://wikirate.org/Apparel_Research_Group+ESG_Disclosure_Rate+Genesco_Inc+2020,Apparel Research Group+ESG Disclosure Rate,Genesco Inc.,2020,2.5,
https://wikirate.org/Apparel_Research_Group+ESG_Disclosure_Rate+Carter_s_Inc+2020,Apparel Research Group+ESG Disclosure Rate,Carter's Inc,2020,4.20501898788189,
https://wikirate.org/Apparel_Research_Group+ESG_Disclosure_Rate+Zalando_SE+2020,Apparel Research Group+ESG Disclosure Rate,Zalando SE,2020,6.791220771462707,
https://wikirate.org/Apparel_Research_Group+ESG_Disclosure_Rate+Salvatore_Ferragamo_SpA+2020,Apparel Research Group+ESG Disclosure Rate,Salvatore Ferragamo SpA,2020,6.213253114866019,
https://wikirate.org/Apparel_Research_Group+ESG_Disclosure_Rate+YOOX_NET_A_PORTER_Group_SpA+2020,Apparel Research Group+ESG Disclosure Rate,YOOX NET-A-PORTER Group SpA,2020,2.283333333333333,
https://wikirate.org/Apparel_Research_Group+ESG_Disclosure_Rate+Geox_SpA+2020,Apparel Research Group+ESG Disclosure Rate,Geox SpA,2020,6.067777777777777,
https://wikirate.org/Apparel_Research_Group+ESG_Disclosure_Rate+Vipshop_Holdings+2020,Apparel Research Group+ESG Disclosure Rate,Vipshop Holdings,2020,4.866507936507936,
https://wikirate.org/Apparel_Research_Group+ESG_Disclosure_Rate+Express_Inc+2020,Apparel Research Group+ESG Disclosure Rate,Express Inc,2020,3.351854395604396,
https://wikirate.org/Apparel_Research_Group+ESG_Disclosure_Rate+Ascena_Retail_Group_Inc+2020,Apparel Research Group+ESG Disclosure Rate,Ascena Retail Group Inc,2020,5.274920634920636,
https://wikirate.org/Apparel_Research_Group+ESG_Disclosure_Rate+Burlington_Stores_Inc+2020,Apparel Research Group+ESG Disclosure Rate,Burlington Stores Inc,2020,5.318808155446086,
https://wikirate.org/Apparel_Research_Group+ESG_Disclosure_Rate+Chico_s_FAS_Inc+2020,Apparel Research Group+ESG Disclosure Rate,Chico's FAS Inc,2020,3.542188135938136,
https://wikirate.org/Apparel_Research_Group+ESG_Disclosure_Rate+Francesca_s+2020,Apparel Research Group+ESG Disclosure Rate,Francesca's,2020,2.05,
https://wikirate.org/Apparel_Research_Group+ESG_Disclosure_Rate+Children_s_Place_Inc+2020,Apparel Research Group+ESG Disclosure Rate,Children's Place Inc,2020,3.4763558201058204,
https://wikirate.org/Apparel_Research_Group+ESG_Disclosure_Rate+Arvind_Limited+2020,Apparel Research Group+ESG Disclosure Rate,Arvind Limited,2020,3.3426984126984127,
https://wikirate.org/Apparel_Research_Group+ESG_Disclosure_Rate+Vera_Bradley_Inc+2020,Apparel Research Group+ESG Disclosure Rate,Vera Bradley Inc.,2020,3.3063492063492057,
https://wikirate.org/Apparel_Research_Group+ESG_Disclosure_Rate+Buckle_Inc+2020,Apparel Research Group+ESG Disclosure Rate,Buckle Inc,2020,3.329543142043142,
https://wikirate.org/Apparel_Research_Group+ESG_Disclosure_Rate+Cato_Corp+2020,Apparel Research Group+ESG Disclosure Rate,Cato Corp,2020,2.8119047619047617,
https://wikirate.org/Apparel_Research_Group+ESG_Disclosure_Rate+Boot_Barn_Holdings_Inc+2020,Apparel Research Group+ESG Disclosure Rate,Boot Barn Holdings Inc.,2020,2.6111111111111103,
https://wikirate.org/Apparel_Research_Group+ESG_Disclosure_Rate+Mulberry_Group_Plc+2020,Apparel Research Group+ESG Disclosure Rate,Mulberry Group Plc,2020,2.922222222222222,
https://wikirate.org/Apparel_Research_Group+ESG_Disclosure_Rate+Ted_Baker+2020,Apparel Research Group+ESG Disclosure Rate,Ted Baker,2020,5.507671957671958,
https://wikirate.org/Apparel_Research_Group+ESG_Disclosure_Rate+Capri_Holdings_Ltd_formerly_Michael_Kors+2020,Apparel Research Group+ESG Disclosure Rate,Capri Holdings Ltd (formerly Michael Kors),2020,4.030712917350848,
https://wikirate.org/Apparel_Research_Group+ESG_Disclosure_Rate+Semir+2020,Apparel Research Group+ESG Disclosure Rate,Semir,2020,1.4904761904761905,
https://wikirate.org/Apparel_Research_Group+ESG_Disclosure_Rate+Lao_Feng_Xiang_Jewelry+2020,Apparel Research Group+ESG Disclosure Rate,Lao Feng Xiang Jewelry,2020,1.8833333333333333,
https://wikirate.org/Apparel_Research_Group+ESG_Disclosure_Rate+Boohoo_com+2020,Apparel Research Group+ESG Disclosure Rate,Boohoo.com,2020,4.981519883939239,
https://wikirate.org/Apparel_Research_Group+ESG_Disclosure_Rate+Grendene+2020,Apparel Research Group+ESG Disclosure Rate,Grendene,2020,4.756428571428571,
https://wikirate.org/Apparel_Research_Group+ESG_Disclosure_Rate+TOD_S+2020,Apparel Research Group+ESG Disclosure Rate,TOD'S,2020,5.4297619047619055,
https://wikirate.org/Apparel_Research_Group+ESG_Disclosure_Rate+Alpargatas_Havaianas+2020,Apparel Research Group+ESG Disclosure Rate,Alpargatas - Havaianas,2020,3.6422222222222222,
https://wikirate.org/Apparel_Research_Group+ESG_Disclosure_Rate+Brunello_Cucinelli+2020,Apparel Research Group+ESG Disclosure Rate,Brunello Cucinelli,2020,4.042234126984127,
https://wikirate.org/Apparel_Research_Group+ESG_Disclosure_Rate+Superdry_plc+2020,Apparel Research Group+ESG Disclosure Rate,Superdry plc,2020,5.3217791005291,
https://wikirate.org/Apparel_Research_Group+ESG_Disclosure_Rate+Aditya_Birla_Fashion_Retail_Ltd+2020,Apparel Research Group+ESG Disclosure Rate,Aditya Birla Fashion & Retail Ltd,2020,4.788571428571428,
https://wikirate.org/Apparel_Research_Group+ESG_Disclosure_Rate+United_Arrows+2020,Apparel Research Group+ESG Disclosure Rate,United Arrows,2020,3.1988227513227514,
https://wikirate.org/Apparel_Research_Group+ESG_Disclosure_Rate+Metersbonwe+2020,Apparel Research Group+ESG Disclosure Rate,Metersbonwe,2020,1.4840873015873015,
https://wikirate.org/Apparel_Research_Group+ESG_Disclosure_Rate+Cia_Hering+2020,Apparel Research Group+ESG Disclosure Rate,Cia Hering,2020,7.042857142857144,
https://wikirate.org/Apparel_Research_Group+ESG_Disclosure_Rate+Van_de_Velde+2020,Apparel Research Group+ESG Disclosure Rate,Van de Velde,2020,4.931746031746031,
https://wikirate.org/Apparel_Research_Group+ESG_Disclosure_Rate+JD_Sports_Fashion_plc+2020,Apparel Research Group+ESG Disclosure Rate,JD Sports Fashion plc,2020,5.315298821548821,
https://wikirate.org/Apparel_Research_Group+ESG_Disclosure_Rate+Gerry_Weber+2020,Apparel Research Group+ESG Disclosure Rate,Gerry Weber,2020,3.1601190476190477,
https://wikirate.org/Apparel_Research_Group+ESG_Disclosure_Rate+Onward_Holdings+2020,Apparel Research Group+ESG Disclosure Rate,Onward Holdings,2020,2.1,
https://wikirate.org/Apparel_Research_Group+ESG_Disclosure_Rate+Bosideng_International_Holdings_Limited+2020,Apparel Research Group+ESG Disclosure Rate,Bosideng International Holdings Limited,2020,4.852943121693121,
https://wikirate.org/Apparel_Research_Group+ESG_Disclosure_Rate+Canada_Goose+2020,Apparel Research Group+ESG Disclosure Rate,Canada Goose,2020,3.402239554825761,
https://wikirate.org/Apparel_Research_Group+ESG_Disclosure_Rate+Anta_Sports_Products+2020,Apparel Research Group+ESG Disclosure Rate,Anta Sports Products,2020,4.860747354497354,
https://wikirate.org/Apparel_Research_Group+ESG_Disclosure_Rate+Inditex+2019,Apparel Research Group+ESG Disclosure Rate,Inditex,2019,7.360238095238095,
https://wikirate.org/Apparel_Research_Group+ESG_Disclosure_Rate+Gap_inc+2019,Apparel Research Group+ESG Disclosure Rate,Gap inc.,2019,6.672222222222223,
https://wikirate.org/Apparel_Research_Group+ESG_Disclosure_Rate+H_M+2019,Apparel Research Group+ESG Disclosure Rate,H&M,2019,6.852460317460318,
https://wikirate.org/Apparel_Research_Group+ESG_Disclosure_Rate+Nike_Inc+2019,Apparel Research Group+ESG Disclosure Rate,Nike Inc.,2019,6.542731481481481,
https://wikirate.org/Apparel_Research_Group+ESG_Disclosure_Rate+Adidas_AG+2019,Apparel Research Group+ESG Disclosure Rate,Adidas AG,2019,8.249107142857142,
https://wikirate.org/Apparel_Research_Group+ESG_Disclosure_Rate+Kering+2019,Apparel Research Group+ESG Disclosure Rate,Kering,2019,5.921746031746032,
https://wikirate.org/Apparel_Research_Group+ESG_Disclosure_Rate+Louis_Vuitton_Malletier_SA_LVMH+2019,Apparel Research Group+ESG Disclosure Rate,Louis Vuitton Malletier SA (LVMH),2019,6.083741181657849,
https://wikirate.org/Apparel_Research_Group+ESG_Disclosure_Rate+Esprit_Holdings_Limited+2019,Apparel Research Group+ESG Disclosure Rate,Esprit Holdings Limited,2019,6.941765873015873,
https://wikirate.org/Apparel_Research_Group+ESG_Disclosure_Rate+Burberry_Group_plc+2019,Apparel Research Group+ESG Disclosure Rate,Burberry Group plc,2019,7.093245758073343,
https://wikirate.org/Apparel_Research_Group+ESG_Disclosure_Rate+Marks_and_Spencer_Group_plc+2019,Apparel Research Group+ESG Disclosure Rate,Marks and Spencer Group plc,2019,6.73053902116402,
https://wikirate.org/Apparel_Research_Group+ESG_Disclosure_Rate+Puma+2019,Apparel Research Group+ESG Disclosure Rate,Puma,2019,6.770701058201059,
https://wikirate.org/Apparel_Research_Group+ESG_Disclosure_Rate+Hugo_Boss_AG+2019,Apparel Research Group+ESG Disclosure Rate,Hugo Boss AG,2019,7.288135148695493,
https://wikirate.org/Apparel_Research_Group+ESG_Disclosure_Rate+Sports_Direct+2019,Apparel Research Group+ESG Disclosure Rate,Sports Direct,2019,4.985079365079365,
https://wikirate.org/Apparel_Research_Group+ESG_Disclosure_Rate+Hermes_International+2019,Apparel Research Group+ESG Disclosure Rate,Hermes International,2019,5.7351631393298055,
https://wikirate.org/Apparel_Research_Group+ESG_Disclosure_Rate+Next_PLC+2019,Apparel Research Group+ESG Disclosure Rate,Next PLC,2019,6.910925925925927,
https://wikirate.org/Apparel_Research_Group+ESG_Disclosure_Rate+Tapestry_Inc+2019,Apparel Research Group+ESG Disclosure Rate,Tapestry Inc,2019,4.747972582972583,
https://wikirate.org/Apparel_Research_Group+ESG_Disclosure_Rate+JC_Penney+2019,Apparel Research Group+ESG Disclosure Rate,JC Penney,2019,5.697222222222222,
https://wikirate.org/Apparel_Research_Group+ESG_Disclosure_Rate+Richemont+2019,Apparel Research Group+ESG Disclosure Rate,Richemont,2019,4.576825396825396,
https://wikirate.org/Apparel_Research_Group+ESG_Disclosure_Rate+Nordstrom+2019,Apparel Research Group+ESG Disclosure Rate,Nordstrom,2019,5.731631562881563,
https://wikirate.org/Apparel_Research_Group+ESG_Disclosure_Rate+Luxottica_Group_SpA+2019,Apparel Research Group+ESG Disclosure Rate,Luxottica Group SpA,2019,4.411746031746032,
https://wikirate.org/Apparel_Research_Group+ESG_Disclosure_Rate+Abercrombie_Fitch+2019,Apparel Research Group+ESG Disclosure Rate,Abercrombie & Fitch,2019,5.381374807987711,
https://wikirate.org/Apparel_Research_Group+ESG_Disclosure_Rate+Hanesbrands+2019,Apparel Research Group+ESG Disclosure Rate,Hanesbrands,2019,6.768935185185185,
https://wikirate.org/Apparel_Research_Group+ESG_Disclosure_Rate+PVH+2019,Apparel Research Group+ESG Disclosure Rate,PVH,2019,6.5845238095238106,
https://wikirate.org/Apparel_Research_Group+ESG_Disclosure_Rate+Prada+2019,Apparel Research Group+ESG Disclosure Rate,Prada,2019,6.104321835571835,
https://wikirate.org/Apparel_Research_Group+ESG_Disclosure_Rate+VF+2019,Apparel Research Group+ESG Disclosure Rate,VF,2019,6.1489682539682535,
https://wikirate.org/Apparel_Research_Group+ESG_Disclosure_Rate+Macy_s+2019,Apparel Research Group+ESG Disclosure Rate,Macy's,2019,5.856746031746033,
https://wikirate.org/Apparel_Research_Group+ESG_Disclosure_Rate+Gildan_Activewear_Inc+2019,Apparel Research Group+ESG Disclosure Rate,Gildan Activewear Inc.,2019,7.386871693121694,
https://wikirate.org/Apparel_Research_Group+ESG_Disclosure_Rate+Asics_Corporation+2019,Apparel Research Group+ESG Disclosure Rate,Asics Corporation,2019,6.304715608465608,
https://wikirate.org/Apparel_Research_Group+ESG_Disclosure_Rate+Dillard_s_Inc+2019,Apparel Research Group+ESG Disclosure Rate,"Dillard's, Inc.",2019,3.200628306878307,
https://wikirate.org/Apparel_Research_Group+ESG_Disclosure_Rate+Tiffany_Co+2019,Apparel Research Group+ESG Disclosure Rate,Tiffany & Co.,2019,5.221388888888889,
https://wikirate.org/Apparel_Research_Group+ESG_Disclosure_Rate+Columbia_Sportswear+2019,Apparel Research Group+ESG Disclosure Rate,Columbia Sportswear,2019,6.077476958525345,
https://wikirate.org/Apparel_Research_Group+ESG_Disclosure_Rate+American_Eagle_Outfitters+2019,Apparel Research Group+ESG Disclosure Rate,American Eagle Outfitters,2019,5.611650474365991,
https://wikirate.org/Apparel_Research_Group+ESG_Disclosure_Rate+Deckers_Outdoor_Corporation+2019,Apparel Research Group+ESG Disclosure Rate,Deckers Outdoor Corporation,2019,4.613888888888889,
https://wikirate.org/Apparel_Research_Group+ESG_Disclosure_Rate+Guess_Inc+2019,Apparel Research Group+ESG Disclosure Rate,Guess? Inc,2019,4.669808201058202,
https://wikirate.org/Apparel_Research_Group+ESG_Disclosure_Rate+Lojas_Renner_S_A+2019,Apparel Research Group+ESG Disclosure Rate,Lojas Renner S.A.,2019,5.866904761904761,
https://wikirate.org/Apparel_Research_Group+ESG_Disclosure_Rate+Li_Ning+2019,Apparel Research Group+ESG Disclosure Rate,Li-Ning,2019,6.458888888888888,
https://wikirate.org/Apparel_Research_Group+ESG_Disclosure_Rate+lululemon_athletica+2019,Apparel Research Group+ESG Disclosure Rate,lululemon athletica,2019,5.686053507424474,
https://wikirate.org/Apparel_Research_Group+ESG_Disclosure_Rate+Asos+2019,Apparel Research Group+ESG Disclosure Rate,Asos,2019,6.403249999999999,
https://wikirate.org/Apparel_Research_Group+ESG_Disclosure_Rate+Ralph_Lauren_Corporation+2019,Apparel Research Group+ESG Disclosure Rate,Ralph Lauren Corporation,2019,7.470925925925926,
https://wikirate.org/Apparel_Research_Group+ESG_Disclosure_Rate+Carter_s_Inc+2019,Apparel Research Group+ESG Disclosure Rate,Carter's Inc,2019,4.416984126984127,
https://wikirate.org/Apparel_Research_Group+ESG_Disclosure_Rate+Zalando_SE+2019,Apparel Research Group+ESG Disclosure Rate,Zalando SE,2019,7.083156255333674,
https://wikirate.org/Apparel_Research_Group+ESG_Disclosure_Rate+Salvatore_Ferragamo_SpA+2019,Apparel Research Group+ESG Disclosure Rate,Salvatore Ferragamo SpA,2019,6.180565818281336,
https://wikirate.org/Apparel_Research_Group+ESG_Disclosure_Rate+YOOX_NET_A_PORTER_Group_SpA+2019,Apparel Research Group+ESG Disclosure Rate,YOOX NET-A-PORTER Group SpA,2019,4.683650793650794,
https://wikirate.org/Apparel_Research_Group+ESG_Disclosure_Rate+Geox_SpA+2019,Apparel Research Group+ESG Disclosure Rate,Geox SpA,2019,6.178888888888889,
https://wikirate.org/Apparel_Research_Group+ESG_Disclosure_Rate+Vipshop_Holdings+2019,Apparel Research Group+ESG Disclosure Rate,Vipshop Holdings,2019,4.344285714285714,
https://wikirate.org/Apparel_Research_Group+ESG_Disclosure_Rate+Ascena_Retail_Group_Inc+2019,Apparel Research Group+ESG Disclosure Rate,Ascena Retail Group Inc,2019,4.11984126984127,
https://wikirate.org/Apparel_Research_Group+ESG_Disclosure_Rate+Burlington_Stores_Inc+2019,Apparel Research Group+ESG Disclosure Rate,Burlington Stores Inc,2019,5.660780423280423,
https://wikirate.org/Apparel_Research_Group+ESG_Disclosure_Rate+Vera_Bradley_Inc+2019,Apparel Research Group+ESG Disclosure Rate,Vera Bradley Inc.,2019,3.195238095238095,
https://wikirate.org/Apparel_Research_Group+ESG_Disclosure_Rate+Ted_Baker+2019,Apparel Research Group+ESG Disclosure Rate,Ted Baker,2019,6.015641534391534,
https://wikirate.org/Apparel_Research_Group+ESG_Disclosure_Rate+Boohoo_com+2019,Apparel Research Group+ESG Disclosure Rate,Boohoo.com,2019,5.966552028218694,
https://wikirate.org/Apparel_Research_Group+ESG_Disclosure_Rate+TOD_S+2019,Apparel Research Group+ESG Disclosure Rate,TOD'S,2019,7.171,
https://wikirate.org/Apparel_Research_Group+ESG_Disclosure_Rate+Brunello_Cucinelli+2019,Apparel Research Group+ESG Disclosure Rate,Brunello Cucinelli,2019,5.396626984126984,
https://wikirate.org/Apparel_Research_Group+ESG_Disclosure_Rate+Superdry_plc+2019,Apparel Research Group+ESG Disclosure Rate,Superdry plc,2019,5.440112433862434,
https://wikirate.org/Apparel_Research_Group+ESG_Disclosure_Rate+Aditya_Birla_Fashion_Retail_Ltd+2019,Apparel Research Group+ESG Disclosure Rate,Aditya Birla Fashion & Retail Ltd,2019,4.788571428571428,
https://wikirate.org/Apparel_Research_Group+ESG_Disclosure_Rate+Cia_Hering+2019,Apparel Research Group+ESG Disclosure Rate,Cia Hering,2019,4.136428571428572,
https://wikirate.org/Apparel_Research_Group+ESG_Disclosure_Rate+JD_Sports_Fashion_plc+2019,Apparel Research Group+ESG Disclosure Rate,JD Sports Fashion plc,2019,6.585555555555556,
https://wikirate.org/Apparel_Research_Group+ESG_Disclosure_Rate+Gerry_Weber+2019,Apparel Research Group+ESG Disclosure Rate,Gerry Weber,2019,4.704456654456654,
https://wikirate.org/Apparel_Research_Group+ESG_Disclosure_Rate+Bosideng_International_Holdings_Limited+2019,Apparel Research Group+ESG Disclosure Rate,Bosideng International Holdings Limited,2019,4.243716931216931,
https://wikirate.org/Apparel_Research_Group+ESG_Disclosure_Rate+Anta_Sports_Products+2019,Apparel Research Group+ESG Disclosure Rate,Anta Sports Products,2019,4.353108465608465,
https://wikirate.org/Apparel_Research_Group+ESG_Disclosure_Rate+Gap_inc+2018,Apparel Research Group+ESG Disclosure Rate,Gap inc.,2018,5.497777777777778,
https://wikirate.org/Apparel_Research_Group+ESG_Disclosure_Rate+Nike_Inc+2018,Apparel Research Group+ESG Disclosure Rate,Nike Inc.,2018,6.7735714285714295,
https://wikirate.org/Apparel_Research_Group+ESG_Disclosure_Rate+Louis_Vuitton_Malletier_SA_LVMH+2018,Apparel Research Group+ESG Disclosure Rate,Louis Vuitton Malletier SA (LVMH),2018,4.711904761904762,
https://wikirate.org/Apparel_Research_Group+ESG_Disclosure_Rate+Marks_and_Spencer_Group_plc+2018,Apparel Research Group+ESG Disclosure Rate,Marks and Spencer Group plc,2018,8.117592592592592,
https://wikirate.org/Apparel_Research_Group+ESG_Disclosure_Rate+Hugo_Boss_AG+2018,Apparel Research Group+ESG Disclosure Rate,Hugo Boss AG,2018,7.770555555555556,
https://wikirate.org/Apparel_Research_Group+ESG_Disclosure_Rate+Tapestry_Inc+2018,Apparel Research Group+ESG Disclosure Rate,Tapestry Inc,2018,4.755,
https://wikirate.org/Apparel_Research_Group+ESG_Disclosure_Rate+PVH+2018,Apparel Research Group+ESG Disclosure Rate,PVH,2018,6.073439153439153,
https://wikirate.org/Apparel_Research_Group+ESG_Disclosure_Rate+Tiffany_Co+2018,Apparel Research Group+ESG Disclosure Rate,Tiffany & Co.,2018,4.873650793650794,
https://wikirate.org/Apparel_Research_Group+ESG_Disclosure_Rate+Lojas_Renner_S_A+2018,Apparel Research Group+ESG Disclosure Rate,Lojas Renner S.A.,2018,5.176111111111111,
https://wikirate.org/Apparel_Research_Group+ESG_Disclosure_Rate+Zalando_SE+2018,Apparel Research Group+ESG Disclosure Rate,Zalando SE,2018,6.016507936507938,
